Layout Type,Title,URL,Status
homepage,"Tennis NSW | The governing body of Tennis in New South Wales",https://www.tennis.com.au/nsw/,migrated
section-landing,"Clubs | Tennis NSW",https://www.tennis.com.au/nsw/clubs,migrated
section-landing,"Play | Tennis NSW",https://www.tennis.com.au/nsw/players,migrated
section-landing,"Our Work | Tennis NSW",https://www.tennis.com.au/nsw/our-work,migrated
section-landing,"About Us | Tennis NSW",https://www.tennis.com.au/nsw/about-us,migrated
section-landing,"Regions | About Us | Tennis NSW",https://www.tennis.com.au/nsw/regions,migrated
content-cards,"Regions | About Us | Tennis NSW",https://www.tennis.com.au/nsw/about-us/regions,migrated
content-cards,"Membership | Clubs | Tennis NSW",https://www.tennis.com.au/nsw/clubs/membership,migrated
content-cards,"Member Protection | Clubs | Tennis NSW",https://www.tennis.com.au/nsw/clubs/member-protection,migrated
content-cards,"Safeguarding Children | Member Protection | Clubs | Tennis NSW",https://www.tennis.com.au/nsw/clubs/member-protection/safeguarding-children,migrated
content-cards,"Live Streaming Resources | Club Resources | Clubs | Tennis NSW",https://www.tennis.com.au/nsw/clubs/clubresources/live-streaming-resources,migrated
content-cards,"Marketing &amp; Communications Resources | Club Resources | Clubs | Tennis NSW",https://www.tennis.com.au/nsw/clubs/clubresources/marketing-communications-resources,migrated
content-cards,"Success Stories | Club Resources | Clubs | Tennis NSW",https://www.tennis.com.au/nsw/clubs/clubresources/success-stories,migrated
content-cards,"Thriving Tennis Venues | Clubs | Tennis NSW",https://www.tennis.com.au/nsw/clubs/thriving-tennis-venues,migrated
content-cards,"Coaches | Tennis NSW",https://www.tennis.com.au/nsw/coaches,migrated
content-cards,"COMPETITIVE PLAY | Play | Tennis NSW",https://www.tennis.com.au/nsw/players/competitive-play,migrated
content-cards,"NSW Tournaments &amp; Leagues | COMPETITIVE PLAY | Play | Tennis NSW",https://www.tennis.com.au/nsw/players/competitive-play/events,migrated
content-cards,"Tennis Country Events | COMPETITIVE PLAY | Play | Tennis NSW",https://www.tennis.com.au/nsw/players/competitive-play/tennis-country-events,migrated
content-cards,"School Tennis | Play | Tennis NSW",https://www.tennis.com.au/nsw/players/school-tennis,migrated
content-cards,"Primary Schools | School Tennis | Play | Tennis NSW",https://www.tennis.com.au/nsw/players/school-tennis/primary-schools,migrated
content-cards,"Secondary Schools | School Tennis | Play | Tennis NSW",https://www.tennis.com.au/nsw/players/school-tennis/secondary-schools,migrated
content-cards,"Community Tennis | Play | Tennis NSW",https://www.tennis.com.au/nsw/players/community-tennis,migrated
content-cards,"Inclusion &amp; Diversity | Our Work | Tennis NSW",https://www.tennis.com.au/nsw/our-work/inclusion-diversity,migrated
content-cards,"Adaptive Tennis | Inclusion &amp; Diversity | Our Work | Tennis NSW",https://www.tennis.com.au/nsw/our-work/inclusion-diversity/adaptive-tennis-2,migrated
content-cards,"Blind and Low Vision | Inclusion &amp; Diversity | Our Work | Tennis NSW",https://www.tennis.com.au/nsw/our-work/inclusion-diversity/blind-and-low-vision,migrated
content-cards,"Deaf or Hard of Hearing | Inclusion &amp; Diversity | Our Work | Tennis NSW",https://www.tennis.com.au/nsw/our-work/inclusion-diversity/deaf-or-hard-of-hearing,migrated
content-cards,"Intellectual Disability &amp; Autism | Inclusion &amp; Diversity | Our Work | Tennis NSW",https://www.tennis.com.au/nsw/our-work/inclusion-diversity/intellectual-disability-autism,migrated
content-cards,"LGBTQIA+ | Inclusion &amp; Diversity | Our Work | Tennis NSW",https://www.tennis.com.au/nsw/our-work/inclusion-diversity/lgbtq,migrated
content-cards,"Multicultural | Inclusion &amp; Diversity | Our Work | Tennis NSW",https://www.tennis.com.au/nsw/our-work/inclusion-diversity/multicultural,migrated
content-cards,"Wheelchair | Inclusion &amp; Diversity | Our Work | Tennis NSW",https://www.tennis.com.au/nsw/our-work/inclusion-diversity/wheelchair,migrated
content-cards,"Youth Hub | Our Work | Tennis NSW",https://www.tennis.com.au/nsw/our-work/youth-hub,migrated
content-cards,"Get Involved Off Court | Our Work | Tennis NSW",https://www.tennis.com.au/nsw/our-work/get-involved-off-court,migrated
content-cards,"PARTNERS | Our Work | Tennis NSW",https://www.tennis.com.au/nsw/our-work/partners,migrated
content-cards,"First Nations | Our Work | Tennis NSW",https://www.tennis.com.au/nsw/our-work/first-nations,migrated
content-cards,"News | About Us | Tennis NSW",https://www.tennis.com.au/nsw/about-us/news,migrated
content-cards,"Events | About Us | Tennis NSW",https://www.tennis.com.au/nsw/about-us/events,migrated
content-cards,"Ken Rosewall Arena | About Us | Tennis NSW",https://www.tennis.com.au/nsw/about-us/ken-rosewall-arena,migrated
content-cards,"Meet The Team | About Us | Tennis NSW",https://www.tennis.com.au/nsw/about-us/meet-the-team,migrated
content-article,"REGIONAL COACH ACTIVATION &amp; RETENTION PROGRAM | Membership | Clubs | Tennis NSW",https://www.tennis.com.au/nsw/clubs/membership/regional-coach-activation-retention-program,migrated
content-article,"Venue Operators Course Subsidy Program | Membership | Clubs | Tennis NSW",https://www.tennis.com.au/nsw/clubs/membership/venue-operators-course-subsidy-program,migrated
content-article,"Regional Coach Support Grant | Clubs | Tennis NSW",https://www.tennis.com.au/nsw/clubs/regional-coach-grant,migrated
content-article,"TENNIS NSW FACILITY ENHANCEMENT FUND | Clubs | Tennis NSW",https://www.tennis.com.au/nsw/clubs/tennis-nsw-facility-enhancement-fund,migrated
content-article,"2024 Successful Applicants",https://www.tennis.com.au/nsw/clubs/tennis-nsw-facility-enhancement-fund/2024-successful-applicants,migrated
content-article,"TENNIS CONNECT | Clubs | Tennis NSW",https://www.tennis.com.au/nsw/clubs/tennis-connect,migrated
content-article,"Member Protection | Member Protection | Clubs | Tennis NSW",https://www.tennis.com.au/nsw/clubs/member-protection/member-protection,migrated
content-article,"MPIO | Member Protection | Clubs | Tennis NSW",https://www.tennis.com.au/nsw/clubs/member-protection/mpio,migrated
content-article,"Working With Children Check | Member Protection | Clubs | Tennis NSW",https://www.tennis.com.au/nsw/clubs/member-protection/working-with-children-check,migrated
content-article,"Club Resources | Clubs | Tennis NSW",https://www.tennis.com.au/nsw/clubs/clubresources,migrated
content-article,"Tennis Participation Insights | Club Resources | Clubs | Tennis NSW",https://www.tennis.com.au/nsw/clubs/clubresources/participation-insights,migrated
content-article,"Template Constitution for Clubs | Club Resources | Clubs | Tennis NSW",https://www.tennis.com.au/nsw/clubs/clubresources/template-constitution-for-clubs,migrated
content-article,"Digital Products | Clubs | Tennis NSW",https://www.tennis.com.au/nsw/clubs/digital-products,migrated
content-article,"What We Do | Thriving Tennis Venues | Clubs | Tennis NSW",https://www.tennis.com.au/nsw/clubs/thriving-tennis-venues/what-we-do,migrated
content-article,"Tennis NSW State Infrastructure Investment Strategy | Thriving Tennis Venues | Clubs | Tennis NSW",https://www.tennis.com.au/nsw/clubs/thriving-tennis-venues/tennis-nsw-state-infrastructure-investment-strategy,migrated
content-article,"Tennis Restart | Thriving Tennis Venues | Clubs | Tennis NSW",https://www.tennis.com.au/nsw/clubs/thriving-tennis-venues/tennis-restart,migrated
content-article,"Council Support | Thriving Tennis Venues | Clubs | Tennis NSW",https://www.tennis.com.au/nsw/clubs/thriving-tennis-venues/council-support,migrated
content-article,"Getting Project Ready | Thriving Tennis Venues | Clubs | Tennis NSW",https://www.tennis.com.au/nsw/clubs/thriving-tennis-venues/getting-project-ready,migrated
content-article,"Sustainable Venue Management | Thriving Tennis Venues | Clubs | Tennis NSW",https://www.tennis.com.au/nsw/clubs/thriving-tennis-venues/sustainable-venue-management,migrated
content-article,"Clubhouse News | Clubs | Tennis NSW",https://www.tennis.com.au/nsw/clubs/clubhouse-news,migrated
content-article,"NSW ATP Cup Tennis Legacy Fund | Clubs | Tennis NSW",https://www.tennis.com.au/nsw/clubs/nsw-atp-cup-tennis-legacy-fund,migrated
content-article,"Hosting a Sanctioned Tournament | COMPETITIVE PLAY | Play | Tennis NSW",https://www.tennis.com.au/nsw/players/competitive-play/hosting-a-sanctioned-event,migrated
content-article,"Metro Sydney | COMPETITIVE PLAY | Play | Tennis NSW",https://www.tennis.com.au/nsw/players/competitive-play/leagues,migrated
content-article,"Pro Tour: Capital Of Country International | COMPETITIVE PLAY | Play | Tennis NSW",https://www.tennis.com.au/nsw/players/competitive-play/pro-tour-capital-of-country-international,migrated
content-article,"Super 10s | COMPETITIVE PLAY | Play | Tennis NSW",https://www.tennis.com.au/nsw/players/competitive-play/tennis-australia-super-10s,migrated
content-article,"Performance Support Program | Play | Tennis NSW",https://www.tennis.com.au/nsw/players/performance-support-program,migrated
content-article,"Todd Woodbridge Cup | Primary Schools | School Tennis | Play | Tennis NSW",https://www.tennis.com.au/nsw/players/school-tennis/primary-schools/todd-woodbridge-cup,migrated
content-article,"Tennis Taster | School Tennis | Play | Tennis NSW",https://www.tennis.com.au/nsw/players/school-tennis/tennis-taster,migrated
content-article,"Women and Girls | Play | Tennis NSW",https://www.tennis.com.au/nsw/players/women-and-girls,migrated
content-article,"Women &amp; Girls: Information for Clubs &amp; Coaches | Women and Girls | Play | Tennis NSW",https://www.tennis.com.au/nsw/players/women-and-girls/clubs-coaches-information-women-girls,migrated
content-article,"Coach Connect | Women and Girls | Play | Tennis NSW",https://www.tennis.com.au/nsw/players/women-and-girls/coach-connect,migrated
content-article,"Women and Girls: Programs &amp; Initiatives | Women and Girls | Play | Tennis NSW",https://www.tennis.com.au/nsw/players/women-and-girls/lead-women-girls,migrated
content-article,"Learn 2 Lead | Women and Girls | Play | Tennis NSW",https://www.tennis.com.au/nsw/players/women-and-girls/learn-2-lead-2,migrated
content-article,"WOMEN LEADERS IN TENNIS PROGRAM | Women and Girls | Play | Tennis NSW",https://www.tennis.com.au/nsw/players/women-and-girls/women-leaders-in-tennis-program,migrated
content-article,"Community Play | Community Tennis | Play | Tennis NSW",https://www.tennis.com.au/nsw/players/community-tennis/community-play,migrated
content-article,"Mental Health &amp; Wellbeing | Community Tennis | Play | Tennis NSW",https://www.tennis.com.au/nsw/players/community-tennis/mental-health-wellbeing,migrated
content-article,"Adaptive Tennis (All Abilities) | Inclusion &amp; Diversity | Our Work | Tennis NSW",https://www.tennis.com.au/nsw/our-work/inclusion-diversity/adaptive-tennis,migrated
content-article,"Duke 4Sport | Youth Hub | Our Work | Tennis NSW",https://www.tennis.com.au/nsw/our-work/youth-hub/duke-4sport,migrated
content-article,"Future Leaders | Youth Hub | Our Work | Tennis NSW",https://www.tennis.com.au/nsw/our-work/youth-hub/future-leaders,migrated
content-article,"Youth Advisory Group | Youth Hub | Our Work | Tennis NSW",https://www.tennis.com.au/nsw/our-work/youth-hub/youth-advisory-group,migrated
content-article,"Volunteer | Get Involved Off Court | Our Work | Tennis NSW",https://www.tennis.com.au/nsw/our-work/get-involved-off-court/club-volunteer,migrated
content-article,"Rally as One | Our Work | Tennis NSW",https://www.tennis.com.au/nsw/our-work/rally-as-one,migrated
content-article,"About | First Nations | Our Work | Tennis NSW",https://www.tennis.com.au/nsw/our-work/first-nations/about,migrated
content-article,"First Nations Advisory Group | First Nations | Our Work | Tennis NSW",https://www.tennis.com.au/nsw/our-work/first-nations/indigenous-tennis-advisory-group,migrated
content-article,"Reflect Reconciliation Action Plan | First Nations | Our Work | Tennis NSW",https://www.tennis.com.au/nsw/our-work/first-nations/reconciliation-action-plan,migrated
content-article,"Programs &amp; Events | First Nations | Our Work | Tennis NSW",https://www.tennis.com.au/nsw/our-work/first-nations/programs-events,migrated
content-article,"Information for Clubs &amp; Coaches | First Nations | Our Work | Tennis NSW",https://www.tennis.com.au/nsw/our-work/first-nations/clubs-coaches-information,migrated
content-article,"Active Kids | Our Work | Tennis NSW",https://www.tennis.com.au/nsw/our-work/active-kids,migrated
content-article,"A New Constitution for Tennis NSW | About Us | Tennis NSW",https://www.tennis.com.au/nsw/about-us/a-new-constitution-for-tennis-nsw,migrated
content-article,"Perpetual NSW OPEN | Events | About Us | Tennis NSW",https://www.tennis.com.au/nsw/about-us/events/nsw-open,migrated
content-article,"Tennis NSW Awards | Events | About Us | Tennis NSW",https://www.tennis.com.au/nsw/about-us/events/nsw-tennis-awards,migrated
content-article,"About Ken Rosewall Arena | Ken Rosewall Arena | About Us | Tennis NSW",https://www.tennis.com.au/nsw/about-us/ken-rosewall-arena/about-ken-rosewall-arena,migrated
content-article,"KRA Visitor Information | Ken Rosewall Arena | About Us | Tennis NSW",https://www.tennis.com.au/nsw/about-us/ken-rosewall-arena/kra-visitor-information,migrated
content-article,"Our Board | Meet The Team | About Us | Tennis NSW",https://www.tennis.com.au/nsw/about-us/meet-the-team/board,migrated
content-article,"Our Team | Meet The Team | About Us | Tennis NSW",https://www.tennis.com.au/nsw/about-us/meet-the-team/staff,migrated
content-article,"Tennis Country | Meet The Team | About Us | Tennis NSW",https://www.tennis.com.au/nsw/about-us/meet-the-team/tennis-country,migrated
content-article,"Tennis Metro Sydney | Meet The Team | About Us | Tennis NSW",https://www.tennis.com.au/nsw/about-us/meet-the-team/tennis-sydney,migrated
content-article,"Central West | Regions | About Us | Tennis NSW",https://www.tennis.com.au/nsw/about-us/regions/central-west,migrated
content-article,"North East | Regions | About Us | Tennis NSW",https://www.tennis.com.au/nsw/about-us/regions/north-east-2,migrated
content-article,"North West | Regions | About Us | Tennis NSW",https://www.tennis.com.au/nsw/about-us/regions/north-west,migrated
content-article,"Northumberland | Regions | About Us | Tennis NSW",https://www.tennis.com.au/nsw/about-us/regions/northumberland,migrated
content-article,"South East | Regions | About Us | Tennis NSW",https://www.tennis.com.au/nsw/about-us/regions/south-east,migrated
content-article,"South West | Regions | About Us | Tennis NSW",https://www.tennis.com.au/nsw/about-us/regions/south-west,migrated
content-article,"Tennis Country | Regions | About Us | Tennis NSW",https://www.tennis.com.au/nsw/about-us/regions/tennis-country,migrated
content-article,"Tennis NSW Director Elections | About Us | Tennis NSW",https://www.tennis.com.au/nsw/about-us/tennis-nsw-director-elections,migrated
content-article,"Vision 2030 | About Us | Tennis NSW",https://www.tennis.com.au/nsw/about-us/vision-2030,migrated
content-article,"Stay In Touch | About Us | Tennis NSW",https://www.tennis.com.au/nsw/about-us/subscribe,migrated
content-article,"Policies &amp; Guidelines | About Us | Tennis NSW",https://www.tennis.com.au/nsw/about-us/policies-guidelines,migrated
content-article,"Annual General Meeting | About Us | Tennis NSW",https://www.tennis.com.au/nsw/about-us/annual-general-meeting,migrated
content-article,"Life Membership | About Us | Tennis NSW",https://www.tennis.com.au/nsw/about-us/life-membership,migrated
content-article,"Hall of Fame | About Us | Tennis NSW",https://www.tennis.com.au/nsw/about-us/hall-of-fame,migrated
content-mixed,"Rally as One &#8211; Redeem your tennis offer! | Rally as One | Our Work | Tennis NSW",https://www.tennis.com.au/nsw/our-work/rally-as-one/rally-as-one-redeem-your-tennis-offer,migrated
content-contact,"Contacts | Tennis NSW",https://www.tennis.com.au/nsw/contacts,migrated
news-article,"Olivia Thornton Appointed Chief Executive Officer of Tennis NSW | 31 March, 2026 | Tennis NSW",https://www.tennis.com.au/nsw/news/2026/03/31/olivia-thornton-appointed-chief-executive-officer-of-tennis-nsw,migrated
news-article,"Opportunity to host the 2026–2028 NSW Metropolitan Hardcourt Closed Championships | 12 March, 2026 | Tennis NSW",https://www.tennis.com.au/nsw/news/2026/03/12/opportunity-to-host-the-2026-2028-nsw-metropolitan-hardcourt-closed-championships,migrated
news-article,"Statement from the Board of Tennis NSW | 23 January, 2026 | Tennis NSW",https://www.tennis.com.au/nsw/news/2026/01/23/statement-from-the-board-of-tennis-nsw-2,migrated
news-article,"A Family Affair: Jordan Smith’s One-Point Slam Dream Begins at Castle Hill | 7 January, 2026 | Tennis NSW",https://www.tennis.com.au/nsw/news/2026/01/07/a-family-affair-jordan-smiths-one-point-slam-dream-begins-at-castle-hill,migrated
news-article,"Kangaroo Valley Public and The Illawarra Grammar School take home the 2025 Todd Woodbridge Cup | 12 December, 2025 | Tennis NSW",https://www.tennis.com.au/nsw/news/2025/12/12/kangaroo-valley-public-and-the-illawarra-grammar-school-take-home-the-2025-todd-woodbridge-cup,migrated
news-article,"Tennis NSW Named a 2025–2026 Inclusive Employer by Diversity Council Australia | 25 November, 2025 | Tennis NSW",https://www.tennis.com.au/nsw/news/2025/11/25/tennis-nsw-named-a-2025-2026-inclusive-employer-by-diversity-council-australia,migrated
news-article,"Six finalists set to represent NSW at the 2025 Newcombe Medal | 24 November, 2025 | Tennis NSW",https://www.tennis.com.au/nsw/news/2025/11/24/six-finalists-set-to-represent-nsw-at-the-2025-newcombe-medal,migrated
news-article,"Gibson Dominates Perpetual NSW Open Final to Edge Closer to Top 100 | 23 November, 2025 | Tennis NSW",https://www.tennis.com.au/nsw/news/2025/11/23/gibson-dominates-perpetual-nsw-open-final-to-edge-closer-to-top-100,migrated
news-article,"James Duckworth Serves Up Perfection in NSW Open Triumph | 23 November, 2025 | Tennis NSW",https://www.tennis.com.au/nsw/news/2025/11/23/james-duckworth-serves-up-perfection-in-nsw-open-triumph,migrated
news-article,"Two Rising Stars, One Trophy: Gibson and Jones to Face Off in NSW Open Final | 22 November, 2025 | Tennis NSW",https://www.tennis.com.au/nsw/news/2025/11/22/two-rising-stars-one-trophy-gibson-and-jones-to-face-off-in-nsw-open-final,migrated
news-article,"Dynamic Duo Hijikata and Polmans Capture Perpetual NSW Open Doubles Glory | 22 November, 2025 | Tennis NSW",https://www.tennis.com.au/nsw/news/2025/11/22/dynamic-duo-hijikata-and-polmans-capture-perpetual-nsw-open-doubles-glory,migrated
news-article,"McCabe Stuns Hijikata at Rain-Hit NSW Open | 21 November, 2025 | Tennis NSW",https://www.tennis.com.au/nsw/news/2025/11/21/mccabe-stuns-hijikata-at-rain-hit-nsw-open,migrated
news-article,"Forget the Comparisons: Emerson Jones Is Building Her Own Legacy | 21 November, 2025 | Tennis NSW",https://www.tennis.com.au/nsw/news/2025/11/21/forget-the-comparisons-emerson-jones-is-building-her-own-legacy,migrated
news-article,"Lobs, Legends, and a New Era: Sweeny and Puttergill Shine Against Hewitt Duo | 20 November, 2025 | Tennis NSW",https://www.tennis.com.au/nsw/news/2025/11/20/lobs-legends-and-a-new-era-sweeny-and-puttergill-shine-against-hewitt-duo,migrated
news-article,"From Injury to Inspiration: Kim Birrell’s Quiet Resilience | 20 November, 2025 | Tennis NSW",https://www.tennis.com.au/nsw/news/2025/11/20/from-injury-to-inspiration-kim-birrells-quiet-resilience,migrated
news-article,"Birrell back in Sydney with a bang as father-son Hewitts dazzle in doubles | 19 November, 2025 | Tennis NSW",https://www.tennis.com.au/nsw/news/2025/11/19/birrell-back-in-sydney-with-a-bang-as-father-son-hewitts-dazzle-in-doubles,migrated
news-article,"Like father, like son: Hewitt scores epic comeback win from the brink | 18 November, 2025 | Tennis NSW",https://www.tennis.com.au/nsw/news/2025/11/18/like-father-like-son-hewitt-scores-epic-comeback-win-from-the-brink,migrated
news-article,"The Perpetual NSW Open returns this Sunday | 14 November, 2025 | Tennis NSW",https://www.tennis.com.au/nsw/news/2025/11/14/the-perpetual-nsw-open-returns-this-sunday,migrated
news-article,"Tennis Venues Across NSW Champion Inclusion During Inaugural All Abilities Week | 6 November, 2025 | Tennis NSW",https://www.tennis.com.au/nsw/news/2025/11/06/tennis-venues-across-nsw-champion-inclusion-during-inaugural-all-abilities-week,migrated
news-article,"Expressions of Interest to fill vacant Metro Sydney and Regional Committee positions now open | 4 November, 2025 | Tennis NSW",https://www.tennis.com.au/nsw/news/2025/11/04/expressions-of-interest-to-fill-vacant-metro-sydney-and-regional-committee-positions-now-open,migrated
news-article,"Ash Barty hits the court with NSW students | 4 November, 2025 | Tennis NSW",https://www.tennis.com.au/nsw/news/2025/11/04/ash-barty-hits-the-court-with-nsw-students,migrated
news-article,"Tennis NSW launches Innovate Reconciliation Action Plan | 21 October, 2025 | Tennis NSW",https://www.tennis.com.au/nsw/news/2025/10/21/tennis-nsw-launches-innovate-reconciliation-action-plan,migrated
news-article,"Tennis NSW launches First Nations Small Grants initiative | 21 October, 2025 | Tennis NSW",https://www.tennis.com.au/nsw/news/2025/10/21/supporting-first-nations-tennis-in-nsw,migrated
news-article,"NSW School, Redeemer Baptist School wins Ash Barty Schools Challenge | 21 October, 2025 | Tennis NSW",https://www.tennis.com.au/nsw/news/2025/10/21/nsw-school-redeemer-baptist-school-wins-ash-barty-schools-challenge,migrated
news-article,"Inaugural All Abilities Week Hits NSW Tennis Courts! | 17 October, 2025 | Tennis NSW",https://www.tennis.com.au/nsw/news/2025/10/17/inaugural-all-abilities-week-hits-nsw-tennis-courts,migrated
news-article,"Congratulations to our 2025 Tennis NSW Award winners | 17 October, 2025 | Tennis NSW",https://www.tennis.com.au/nsw/news/2025/10/17/congratulations-to-our-2025-tennis-nsw-award-winners,migrated
news-article,"Congratulations to our 2025 Tennis NSW Award Finalists | 30 September, 2025 | Tennis NSW",https://www.tennis.com.au/nsw/news/2025/09/30/congratulations-to-our-2025-tennis-nsw-award-finalists,migrated
news-article,"2025 Facility Enhancement Fund recipients | 25 September, 2025 | Tennis NSW",https://www.tennis.com.au/nsw/news/2025/09/25/2025-facility-enhancement-fund-recipients,migrated
news-article,"Preston Stuns Swan as Sweeny Secures Sixth Title in Dominant Regional Tennis Fortnight | 22 September, 2025 | Tennis NSW",https://www.tennis.com.au/nsw/news/2025/09/22/preston-stuns-swan-as-sweeny-secures-sixth-title-in-dominant-regional-tennis-fortnight,migrated
news-article,"Djokovic Inspires Rising Aussie Teen Tahlia Kokkinis as She Steps Into Pro Tennis Ranks | 19 September, 2025 | Tennis NSW",https://www.tennis.com.au/nsw/news/2025/09/19/djokovic-inspires-rising-aussie-teen-tahlia-kokkinis-as-she-steps-into-pro-tennis-ranks,migrated
news-article,"What is it about an Aussie Alex and British Katie? | 18 September, 2025 | Tennis NSW",https://www.tennis.com.au/nsw/news/2025/09/18/what-is-it-about-an-aussie-alex-and-british-katie,migrated
news-article,"Britains Swan Claims Wagga Wagga Title as Sweeny Battles to Tamworth Crown in NSW Tennis Showcase | 15 September, 2025 | Tennis NSW",https://www.tennis.com.au/nsw/news/2025/09/15/britains-swan-claims-wagga-wagga-title-as-sweeny-battles-to-tamworth-crown-in-nsw-tennis-showcase,migrated
news-article,"Swan Stuns Top Seed to Reach Wagga Wagga Final as Sweeny, Polmans Set Tamworth Title Clash | 14 September, 2025 | Tennis NSW",https://www.tennis.com.au/nsw/news/2025/09/14/swan-stuns-top-seed-to-reach-wagga-wagga-final-as-sweeny-polmans-set-tamworth-title-clash,migrated
news-article,"Sweeny, Polmans, Cabrera Survive Scares as Regional Tennis Stars Shine in Tamworth and Wagga | 12 September, 2025 | Tennis NSW",https://www.tennis.com.au/nsw/news/2025/09/12/sweeny-polmans-cabrera-survive-scares-as-regional-tennis-stars-shine-in-tamworth-and-wagga,migrated
news-article,"Hewitt Pushes Polmans in Tamworth Thriller as Swan, Cabrera Shine in Wagga | 11 September, 2025 | Tennis NSW",https://www.tennis.com.au/nsw/news/2025/09/11/hewitt-pushes-polmans-in-tamworth-thriller-as-swan-cabrera-shine-in-wagga,migrated
news-article,"Tamworth and Wagga Wagga ITF&#8217;s kick off as local and international talent compete on the pro stage | 9 September, 2025 | Tennis NSW",https://www.tennis.com.au/nsw/news/2025/09/09/tamworth-and-wagga-wagga-itfs-kick-off-as-local-and-international-talent-compete-on-the-pro-stage,migrated
news-article,"Regional Coach Activation &amp; Retention Program | 9 September, 2025 | Tennis NSW",https://www.tennis.com.au/nsw/news/2025/09/09/regional-coach-activation-retention-program,migrated
news-article,"Get Project and Investment Ready Today!  | 9 September, 2025 | Tennis NSW",https://www.tennis.com.au/nsw/news/2025/09/09/get-project-and-investment-ready-today,migrated
news-article,"BADGE 2025 RECAP | 9 September, 2025 | Tennis NSW",https://www.tennis.com.au/nsw/news/2025/09/09/badge-2025-recap,migrated
news-article,"Alex de Minaur Advances to US Open Quarter-Finals! | 2 September, 2025 | Tennis NSW",https://www.tennis.com.au/nsw/news/2025/09/02/alex-de-minaur-advances-to-us-open-quarter-finals,migrated
news-article,"World-class tennis comes to regional NSW with inaugural Wagga Wagga Tennis International | 1 September, 2025 | Tennis NSW",https://www.tennis.com.au/nsw/news/2025/09/01/world-class-tennis-comes-to-regional-nsw-with-inaugural-wagga-wagga-tennis-international-2,migrated
news-article,"Wagga Wagga Announced as Host of NSW Country Championships for 2026 and 2027 | 1 September, 2025 | Tennis NSW",https://www.tennis.com.au/nsw/news/2025/09/01/wagga-wagga-announced-as-host-of-nsw-country-championships-for-2026-and-2027,migrated
news-article,"NSW Stars Shine Early at US Open! | 27 August, 2025 | Tennis NSW",https://www.tennis.com.au/nsw/news/2025/08/27/nsw-stars-shine-early-at-us-open,migrated
news-article,"Stevens secures first title at Tweed Heads International W15 | 19 August, 2025 | Tennis NSW",https://www.tennis.com.au/nsw/news/2025/08/19/stevens-secures-first-title-at-tweed-heads-international-w15,migrated
news-article,"Tamworth to Host Inaugural Australian Pro Tour Tennis Event – Capital of Country International | 12 August, 2025 | Tennis NSW",https://www.tennis.com.au/nsw/news/2025/08/12/tamworth-to-host-inaugural-australian-pro-tour-tennis-event-capital-of-country-international,migrated
news-article,"Seventeen-Year-Old Giselle Guillen Claims Maiden Australian Pro Tour Title | 12 August, 2025 | Tennis NSW",https://www.tennis.com.au/nsw/news/2025/08/12/seventeen-year-old-giselle-guillen-claims-maiden-australian-pro-tour-title,migrated
news-article,"Team NSW shine at the 2025 National Indigenous Tennis Carnival | 11 August, 2025 | Tennis NSW",https://www.tennis.com.au/nsw/news/2025/08/11/team-nsw-shine-at-the-2025-national-indigenous-tennis-carnival,migrated
news-article,"Expressions of interest to host a sanctioned event in 2026 close soon! | 11 August, 2025 | Tennis NSW",https://www.tennis.com.au/nsw/news/2025/08/11/expressions-of-interest-to-host-a-sanctioned-event-in-2026-close-soon,migrated
news-article,"Applications now open for the 2025 Future Leaders program! | 7 August, 2025 | Tennis NSW",https://www.tennis.com.au/nsw/news/2025/08/07/applications-now-open-for-the-2025-future-leaders-program,migrated
news-article,"Tickets for the 2025 Tennis NSW Awards are now on sale! | 5 August, 2025 | Tennis NSW",https://www.tennis.com.au/nsw/news/2025/08/05/tickets-for-the-2025-tennis-nsw-awards-are-now-on-sale,migrated
news-article,"ITF champion, Gabriella Da Silva Flick is set to headline the Tweed Heads International W15 | 31 July, 2025 | Tennis NSW",https://www.tennis.com.au/nsw/news/2025/07/31/itf-champion-gabriella-da-silva-flick-is-set-to-headline-the-tweed-heads-international-w15,migrated
news-article,"Rafa Nadal Tour hits NSW | 30 July, 2025 | Tennis NSW",https://www.tennis.com.au/nsw/news/2025/07/30/rafa-nadal-australian-tour-comes-to-nsw,migrated
news-article,"Tennis NSW launches Vision 2030 | 28 July, 2025 | Tennis NSW",https://www.tennis.com.au/nsw/news/2025/07/28/tennis-nsw-launches-vision-2030,migrated
news-article,"Nominations for the 2025 Tennis NSW Awards | 25 July, 2025 | Tennis NSW",https://www.tennis.com.au/nsw/news/2025/07/25/nominations-are-now-open-for-the-2025-tennis-nsw-awards,migrated
news-article,"Tennis NSW partners with Staying Alive Health as official Heart Health partner | 8 July, 2025 | Tennis NSW",https://www.tennis.com.au/nsw/news/2025/07/08/tennis-nsw-partners-with-staying-alive-health-as-official-heart-health-partner,migrated
news-article,"Call for EOI&#8217;s: 2025 Tennis NSW Nominations Committee | 30 June, 2025 | Tennis NSW",https://www.tennis.com.au/nsw/news/2025/06/30/call-for-eois-2025-tennis-nsw-nominations-committee,migrated
news-article,"2025 Facility Enhancement Fund applications now open | 30 June, 2025 | Tennis NSW",https://www.tennis.com.au/nsw/news/2025/06/30/applications-now-open-2025-facility-enhancement-fund,migrated
news-article,"98 Years of Tennis Excellence: A Legacy of Community and Competition | 30 June, 2025 | Tennis NSW",https://www.tennis.com.au/nsw/news/2025/06/30/98-years-of-tennis-excellence-a-legacy-of-community-and-competition,migrated
news-article,"Alex de Minaur leads Aussie charge as Davis Cup returns to Sydney | 12 June, 2025 | Tennis NSW",https://www.tennis.com.au/nsw/news/2025/06/12/alex-de-minaur-leads-aussie-charge-as-davis-cup-returns-to-sydney,migrated
news-article,"Congratulations to our newest Women Leaders in Tennis graduates | 5 June, 2025 | Tennis NSW",https://www.tennis.com.au/nsw/news/2025/06/05/congratulations-to-our-newest-women-leaders-in-tennis-graduates,migrated
news-article,"Call for EOI&#8217;s: Host the 2026 &amp; 2027 Closed Country Championships | 20 May, 2025 | Tennis NSW",https://www.tennis.com.au/nsw/news/2025/05/20/call-for-eois-host-the-2026-2027-closed-country-championships,migrated
news-article,"Facility Enhancement Fund invests $500K in community tennis | 16 May, 2025 | Tennis NSW",https://www.tennis.com.au/nsw/news/2025/05/16/facility-enhancement-fund-invests-500k-in-community-tennis,migrated
news-article,"Team NSW crowned 2025 Pizzey Cup champions | 13 May, 2025 | Tennis NSW",https://www.tennis.com.au/nsw/news/2025/05/13/team-nsw-crowned-2025-pizzey-cup-champions,migrated
news-article,"Easter 2025 was a smashing success for tennis in NSW! | 6 May, 2025 | Tennis NSW",https://www.tennis.com.au/nsw/news/2025/05/06/easter-2025-was-a-smashing-success-for-tennis-in-nsw,migrated
news-article,"Tennis NSW achieves Gold Tier Status in Pride in Sport Index for second consecutive year | 17 April, 2025 | Tennis NSW",https://www.tennis.com.au/nsw/news/2025/04/17/tennis-nsw-achieves-gold-tier-status-in-pride-in-sport-index-for-second-consecutive-year,migrated
news-article,"Important Membership Information Update – Tennis NSW Membership Renewals 2025/2026 | 16 April, 2025 | Tennis NSW",https://www.tennis.com.au/nsw/news/2025/04/16/important-membership-information-update-tennis-nsw-membership-renewals-2025-2026,migrated
news-article,"WAGGA WAGGA&#8217;S JIM ELPHICK TENNIS CENTRE OFFICIALLY OPENS, CHANGING THE GAME FOR REGIONAL TENNIS | 14 April, 2025 | Tennis NSW",https://www.tennis.com.au/nsw/news/2025/04/14/wagga-waggas-jim-elphick-tennis-centre-officially-opens-changing-the-game-for-regional-tennis,migrated
news-article,"Thousands of players are set to hop on court these School Holidays &amp; Easter | 7 April, 2025 | Tennis NSW",https://www.tennis.com.au/nsw/news/2025/04/07/thousands-of-players-are-set-to-hop-on-court-these-school-holidays-easter,migrated
news-article,"Beloved tennis official Dave Allen retires after 25 years of service | 28 March, 2025 | Tennis NSW",https://www.tennis.com.au/nsw/news/2025/03/28/beloved-tennis-official-dave-allen-retires-after-25-years-of-service,migrated
news-article,"Call for EOI’s: Regional Committee positions now available | 21 March, 2025 | Tennis NSW",https://www.tennis.com.au/nsw/news/2025/03/21/call-for-eois-regional-committee-positions-now-available,migrated
news-article,"Lake Mac Women in Sport Tennis Open celebrates women &amp; girls with Casey Dellacqua | 17 March, 2025 | Tennis NSW",https://www.tennis.com.au/nsw/news/2025/03/17/2025-lake-mac-women-in-sport-tennis-open-celebrates-women-girls-with-casey-dellacqua,migrated
news-article,"Remembering Fred Stolle AO | 7 March, 2025 | Tennis NSW",https://www.tennis.com.au/nsw/news/2025/03/07/remembering-fred-stolle-ao,migrated
news-article,"Todd Woodbridge and Tennis NSW launch Todd&#8217;s Tipping Point Challenge | 20 February, 2025 | Tennis NSW",https://www.tennis.com.au/nsw/news/2025/02/20/todd-woodbridge-and-tennis-nsw-launch-todds-tipping-point-challenge,migrated
news-article,"Entries for the 2025 Badge season are now open! | 27 January, 2025 | Tennis NSW",https://www.tennis.com.au/nsw/news/2025/01/27/entries-for-the-2025-badge-season-are-now-open,migrated
news-article,"Rally as One Roadshow: Bringing Community Connection to Bushfire and Flood-Affected Areas | 19 December, 2024 | Tennis NSW",https://www.tennis.com.au/nsw/news/2024/12/19/rally-as-one-roadshow-bringing-community-connection-to-bushfire-and-flood-affected-areas,migrated
news-article,"Tennis NSW AGM outcomes | 22 November, 2024 | Tennis NSW",https://www.tennis.com.au/nsw/news/2024/11/22/tennis-nsw-agm-outcomes,migrated
news-article,"Local stars recognised as Australian Tennis Award finalists | 19 November, 2024 | Tennis NSW",https://www.tennis.com.au/nsw/news/2024/11/19/local-stars-recognised-as-australian-tennis-award-finalists,migrated
news-article,"Tennis NSW Launches Performance Support Program | 14 November, 2024 | Tennis NSW",https://www.tennis.com.au/nsw/news/2024/11/14/tennis-nsw-launches-performance-support-program,migrated
news-article,"Thanasi Kokkinakis and Emerson Jones Crowned Champions at the 2024 Perpetual NSW Open | 3 November, 2024 | Tennis NSW",https://www.tennis.com.au/nsw/news/2024/11/03/thanasi-kokkinakis-and-emerson-jones-crowned-champions-at-the-2024-perpetual-nsw-open,migrated
news-article,"Day six: Perpetual NSW Open | 2 November, 2024 | Tennis NSW",https://www.tennis.com.au/nsw/news/2024/11/02/day-six-perpetual-nsw-open,migrated
news-article,"Day five: Perpetual NSW Open | 2 November, 2024 | Tennis NSW",https://www.tennis.com.au/nsw/news/2024/11/02/day-five-perpetual-nsw-open,migrated
news-article,"Join us for a day of FREE family fun at the Perpetual NSW Open this Sunday! | 1 November, 2024 | Tennis NSW",https://www.tennis.com.au/nsw/news/2024/11/01/join-us-for-a-day-of-free-family-fun-at-the-perpetual-nsw-open-this-sunday,migrated
news-article,"HIJIKATA AND KOKKINAKIS ARE THROUGH TO THE QUARTERFINALS | 31 October, 2024 | Tennis NSW",https://www.tennis.com.au/nsw/news/2024/10/31/hijikata-and-kokkinakis-are-through-to-the-quarterfinals,migrated
news-article,"Day three: Perpetual NSW Open | 31 October, 2024 | Tennis NSW",https://www.tennis.com.au/nsw/news/2024/10/31/day-three-perpetual-nsw-open,migrated
news-article,"Day two: Perpetual NSW Open | 30 October, 2024 | Tennis NSW",https://www.tennis.com.au/nsw/news/2024/10/30/day-two-perpetual-nsw-open,migrated
news-article,"Day one: Perpetual NSW Open | 28 October, 2024 | Tennis NSW",https://www.tennis.com.au/nsw/news/2024/10/28/day-one-perpetual-nsw-open,migrated
news-article,"Qualifying: Perpetual NSW Open | 27 October, 2024 | Tennis NSW",https://www.tennis.com.au/nsw/news/2024/10/27/day-one-complete-at-the-perpetual-nsw-open,migrated
news-article,"FACILITY ENHANCEMENT FUNDING AWARDED TO NSW COMMUNITY TENNIS VENUES | 24 October, 2024 | Tennis NSW",https://www.tennis.com.au/nsw/news/2024/10/24/facility-enhancement-funding-awarded-to-nsw-community-tennis-venues,migrated
news-article,"Congratulations to our 2024 Tennis NSW Awards winners | 18 October, 2024 | Tennis NSW",https://www.tennis.com.au/nsw/news/2024/10/18/congratulations-to-our-2024-tennis-nsw-awards-winners,migrated
news-article,"2024 TENNIS NSW AWARDS FINALISTS ANNOUNCED | 20 September, 2024 | Tennis NSW",https://www.tennis.com.au/nsw/news/2024/09/20/2024-tennis-nsw-awards-finalists-announced,migrated
news-article,"JOIN THE ACTION &#8211; VOLUNTEER AT THE PERPETUAL NSW OPEN! | 16 September, 2024 | Tennis NSW",https://www.tennis.com.au/nsw/news/2024/09/16/join-the-action-volunteer-at-the-perpetual-nsw-open,migrated
news-article,"The Smith family continues to make history in the Sydney Badge league | 11 September, 2024 | Tennis NSW",https://www.tennis.com.au/nsw/news/2024/09/11/the-smith-family-continues-to-make-history-in-the-sydney-badge-league,migrated
news-article,"Extended deadline to lodge your not-for-profit self-review return | 2 September, 2024 | Tennis NSW",https://www.tennis.com.au/nsw/news/2024/09/02/extended-deadline-to-lodge-your-not-for-profit-self-review-return,migrated
news-article,"Call for nominations for Tennis NSW Directors | 2 September, 2024 | Tennis NSW",https://www.tennis.com.au/nsw/news/2024/09/02/call-for-nominations-for-tennis-nsw-directors,migrated
news-article,"United Cup Finals are back at Ken Rosewall Arena in 2025 | 28 August, 2024 | Tennis NSW",https://www.tennis.com.au/nsw/news/2024/08/28/united-cup-finals-are-back-at-ken-rosewall-arena-in-2025,migrated
news-article,"Hot Shots Tennis Racquet Roadshow returns to NSW with visit from John Fitzgerald | 27 August, 2024 | Tennis NSW",https://www.tennis.com.au/nsw/news/2024/08/27/hot-shots-tennis-racquet-roadshow-returns-to-nsw-with-visit-from-john-fitzgerald,migrated
news-article,"Popyrin: “I’m a Masters 1000 title winner and I can’t believe it | 13 August, 2024 | Tennis NSW",https://www.tennis.com.au/nsw/news/2024/08/13/popyrin-im-a-masters-1000-title-winner-and-i-cant-believe-it,migrated
news-article,"Facility Enhancement Fund applications now open | 12 August, 2024 | Tennis NSW",https://www.tennis.com.au/nsw/news/2024/08/12/facility-enhancement-fund-applications-now-open,migrated
news-article,"TICKETS ARE NOW ON SALE FOR THE 2024 TENNIS NSW AWARDS EVENT HOSTED BY GRAND SLAM CHAMPION CASEY DELLACQUA | 6 August, 2024 | Tennis NSW",https://www.tennis.com.au/nsw/news/2024/08/06/tickets-are-now-on-sale-for-the-2024-tennis-nsw-awards-event-hosted-by-grand-slam-champion-casey-dellacqua,migrated
news-article,"Nominations are NOW OPEN for the 2024 Tennis NSW Awards | 2 August, 2024 | Tennis NSW",https://www.tennis.com.au/nsw/news/2024/08/02/nominations-are-now-open-for-the-2024-tennis-nsw-awards,migrated
external,"Hot Shots",https://hotshots.tennis.com.au/,ignore
external,"Social Play",https://play.tennis.com.au/,ignore
external,"Tennis Sheroes",https://tennissheroes.com/,ignore
external,"Tournament Calendar",https://www.tennis.com.au/tournaments/calendar?tournament_state_country=NSW,ignore
external,"Find A Coach",https://www.tennis.com.au/play/coaching,ignore
external,"Officials",https://www.tennis.com.au/learn/ballkids-officials-coaches-and-volunteers/officials,ignore
external,"Staying Alive Health",https://stayingalivehealth.com.au/,ignore
news-article,"Tennis NSW retains Gold Tier Status in Pride in Sport Index for third consecutive year | 17 April, 2026 | Tennis NSW",https://www.tennis.com.au/nsw/news/2026/04/17/tennis-nsw-retains-gold-tier-status-in-pride-in-sport-index-for-third-consecutive-year,migrated
content-article,"Junior Events &amp; Leagues | NSW Tournaments &amp; Leagues | COMPETITIVE PLAY | Play | Tennis NSW",https://www.tennis.com.au/nsw/players/competitive-play/events/junior-events-leagues,migrated
content-article,"Open Events &amp; Leagues | NSW Tournaments &amp; Leagues | COMPETITIVE PLAY | Play | Tennis NSW",https://www.tennis.com.au/nsw/players/competitive-play/events/senior-events-leagues,migrated
content-article,"Inclusion &amp; Diversity Tournaments, Events &amp; Programs | NSW Tournaments &amp; Leagues | COMPETITIVE PLAY | Play | Tennis NSW",https://www.tennis.com.au/nsw/players/competitive-play/events/inclusion-diversity-events,migrated
content-article,"De Minaur Junior Tour &#8211; NSW | NSW Tournaments &amp; Leagues | COMPETITIVE PLAY | Play | Tennis NSW",https://www.tennis.com.au/nsw/players/competitive-play/events/nsw-de-minaur-junior-tour,migrated
content-article,"J125 NSW Events | De Minaur Junior Tour - NSW | NSW Tournaments &amp; Leagues | COMPETITIVE PLAY | Play | Tennis NSW",https://www.tennis.com.au/nsw/players/competitive-play/events/nsw-de-minaur-junior-tour/nsw-junior-125-tournaments,migrated
content-article,"J250 NSW Events | De Minaur Junior Tour - NSW | NSW Tournaments &amp; Leagues | COMPETITIVE PLAY | Play | Tennis NSW",https://www.tennis.com.au/nsw/players/competitive-play/events/nsw-de-minaur-junior-tour/premier-250-tournaments,migrated
content-article,"J500 NSW Events | De Minaur Junior Tour - NSW | NSW Tournaments &amp; Leagues | COMPETITIVE PLAY | Play | Tennis NSW",https://www.tennis.com.au/nsw/players/competitive-play/events/nsw-de-minaur-junior-tour/j500-nsw-events,migrated
content-article,"NSW Country Championships | NSW Tournaments &amp; Leagues | COMPETITIVE PLAY | Play | Tennis NSW",https://www.tennis.com.au/nsw/players/competitive-play/events/nsw-country-championships,migrated
content-article,"Tennis Country Series | NSW Tournaments &amp; Leagues | COMPETITIVE PLAY | Play | Tennis NSW",https://www.tennis.com.au/nsw/players/competitive-play/events/tennis-country-series,migrated
content-article,"Tennis Seniors | NSW Tournaments &amp; Leagues | COMPETITIVE PLAY | Play | Tennis NSW",https://www.tennis.com.au/nsw/players/competitive-play/events/tennis-seniors,migrated
content-article,"National Championships Qualification Criteria | NSW Tournaments &amp; Leagues | COMPETITIVE PLAY | Play | Tennis NSW",https://www.tennis.com.au/nsw/players/competitive-play/events/national-championships-qualification-criteria,migrated
content-article,"Tournament Director Resources | NSW Tournaments &amp; Leagues | COMPETITIVE PLAY | Play | Tennis NSW",https://www.tennis.com.au/nsw/players/competitive-play/events/tournament-director-resources,migrated
content-article,"Metro Junior Development Series | Junior Events &amp; Leagues | NSW Tournaments &amp; Leagues | COMPETITIVE PLAY | Play | Tennis NSW",https://www.tennis.com.au/nsw/players/competitive-play/events/junior-events-leagues/metro-junior-development-series,migrated
content-article,"NSW Green Ball State Final &amp; National Qualifying | Junior Events &amp; Leagues | NSW Tournaments &amp; Leagues | COMPETITIVE PLAY | Play | Tennis NSW",https://www.tennis.com.au/nsw/players/competitive-play/events/junior-events-leagues/10u-green-ball-nationals-nsw-qualifying-event,migrated
content-article,"Sydney Badge | Metro Sydney | COMPETITIVE PLAY | Play | Tennis NSW",https://www.tennis.com.au/nsw/players/competitive-play/leagues/sydney-badge,migrated
content-article,"Sydney Badge Reserve Players | Sydney Badge | Metro Sydney | COMPETITIVE PLAY | Play | Tennis NSW",https://www.tennis.com.au/nsw/players/competitive-play/leagues/sydney-badge/sydney-badge-reserve-players,migrated
content-article,"Interdistrict | Metro Sydney | COMPETITIVE PLAY | Play | Tennis NSW",https://www.tennis.com.au/nsw/players/competitive-play/leagues/interdistrict,migrated
content-article,"Premier League | Metro Sydney | COMPETITIVE PLAY | Play | Tennis NSW",https://www.tennis.com.au/nsw/players/competitive-play/leagues/premier-league,migrated
content-cards,"Sydney Junior Team Tennis | Metro Sydney | COMPETITIVE PLAY | Play | Tennis NSW",https://www.tennis.com.au/nsw/players/competitive-play/leagues/sydney-junior-team-tennis,migrated
content-article,"Northern Suburbs | Sydney Junior Team Tennis | Metro Sydney | COMPETITIVE PLAY | Play | Tennis NSW",https://www.tennis.com.au/nsw/players/competitive-play/leagues/sydney-junior-team-tennis/northern-suburbs,migrated
content-article,"Northern Beaches | Sydney Junior Team Tennis | Metro Sydney | COMPETITIVE PLAY | Play | Tennis NSW",https://www.tennis.com.au/nsw/players/competitive-play/leagues/sydney-junior-team-tennis/northern-beaches,migrated
content-article,"Eastern Suburbs | Sydney Junior Team Tennis | Metro Sydney | COMPETITIVE PLAY | Play | Tennis NSW",https://www.tennis.com.au/nsw/players/competitive-play/leagues/sydney-junior-team-tennis/eastern-suburbs,migrated
content-article,"Greater West | Sydney Junior Team Tennis | Metro Sydney | COMPETITIVE PLAY | Play | Tennis NSW",https://www.tennis.com.au/nsw/players/competitive-play/leagues/sydney-junior-team-tennis/greater-west,migrated
content-article,"Canterbury-Bankstown | Sydney Junior Team Tennis | Metro Sydney | COMPETITIVE PLAY | Play | Tennis NSW",https://www.tennis.com.au/nsw/players/competitive-play/leagues/sydney-junior-team-tennis/canterbury-bankstown,migrated
content-article,"Illawarra Sutherland | Sydney Junior Team Tennis | Metro Sydney | COMPETITIVE PLAY | Play | Tennis NSW",https://www.tennis.com.au/nsw/players/competitive-play/leagues/sydney-junior-team-tennis/illawarra-sutherland,migrated
content-article,"South West | Sydney Junior Team Tennis | Metro Sydney | COMPETITIVE PLAY | Play | Tennis NSW",https://www.tennis.com.au/nsw/players/competitive-play/leagues/sydney-junior-team-tennis/south-west-2,migrated
content-article,"Parramatta-Ryde | Sydney Junior Team Tennis | Metro Sydney | COMPETITIVE PLAY | Play | Tennis NSW",https://www.tennis.com.au/nsw/players/competitive-play/leagues/sydney-junior-team-tennis/parramatta-ryde-sjtt,migrated
content-article,"Regional State League",https://www.tennis.com.au/nsw/players/competitive-play/tennis-country/regional-state-league,redirect
content-article,"NORTHUMBERLAND INTERCLUB | Tennis Country | Regions | About Us | Tennis NSW",https://www.tennis.com.au/nsw/about-us/regions/tennis-country/northumberland-interclub,migrated
content-article,"South Coloured Ball Series | Tennis Country | Regions | About Us | Tennis NSW",https://www.tennis.com.au/nsw/about-us/regions/tennis-country/south-coloured-ball-series,migrated
content-article,"Regional State League | Tennis Country | Regions | About Us | Tennis NSW",https://www.tennis.com.au/nsw/about-us/regions/tennis-country/regional-state-league,migrated
content-article,"Primary School Tennis Trials &#8211; The Bruce Cup | Primary Schools | School Tennis | Play | Tennis NSW",https://www.tennis.com.au/nsw/players/school-tennis/primary-schools/primary-school-tennis-trials-the-bruce-cup,migrated
content-article,"TA Women&#8217;s Coach Connect | Coaches | Tennis NSW",https://www.tennis.com.au/nsw/coaches/women-in-coaching,migrated
content-article,"Coaching Resources | Inclusion &amp; Diversity | Our Work | Tennis NSW",https://www.tennis.com.au/nsw/our-work/inclusion-diversity/coaching-resources,migrated
content-article,"Participant Resources | Inclusion &amp; Diversity | Our Work | Tennis NSW",https://www.tennis.com.au/nsw/our-work/inclusion-diversity/participant-resources,migrated
content-article,"Planning, Programs &amp; Delivery | Inclusion &amp; Diversity | Our Work | Tennis NSW",https://www.tennis.com.au/nsw/our-work/inclusion-diversity/planning-programs-delivery,migrated
content-article,"Promotion &amp; Marketing | Inclusion &amp; Diversity | Our Work | Tennis NSW",https://www.tennis.com.au/nsw/our-work/inclusion-diversity/promotion-marketing,migrated
document,"Extreme Weather Policy",https://www.tennis.com.au/nsw/doc/extreme-weather-policy-2,asset-redirect
document,"Editing Online Factsheets",https://www.tennis.com.au/nsw/doc/editing-online-factsheets,asset-redirect
document,"Sign In Consolation Events",https://www.tennis.com.au/nsw/doc/sign-in-consolation-events,asset-redirect
document,"Garman Table 1",https://www.tennis.com.au/nsw/doc/garman-table-1,asset-redirect
document,"Garman Table 2",https://www.tennis.com.au/nsw/doc/garman-table-2,asset-redirect
document,"NSW Round Robin Template",https://www.tennis.com.au/nsw/doc/nsw-round-robin-template,asset-redirect
document,"NSW Goal Setting Match Review",https://www.tennis.com.au/nsw/doc/nsw-goal-setting-match-review,asset-redirect
document,"Tournaments Incident Report Form",https://www.tennis.com.au/nsw/doc/tournaments-incident-report-form,asset-redirect
document,"Spectator Behaviour",https://www.tennis.com.au/nsw/doc/spectator-behaviour,asset-redirect
